y_true,score01,y_pred
0,0.4727924002727377,0
0,0.2665970149846544,0
0,0.303072898688697,0
0,0.3589245023995318,0
0,0.42968720339740685,0
0,0.5400729822831636,1
0,0.42681302739038074,0
0,0.5299450929396698,1
0,0.2562211359036155,0
0,0.21884906949162541,0
1,0.5131766415670427,1
0,0.4617493657697196,0
0,0.4775115195334365,0
0,0.3990448250551708,0
0,0.4743452242182684,0
0,0.4942430277551466,1
0,0.49457552601415955,1
0,0.3391038027002651,0
0,0.5171963411230536,1
0,0.4438943982731871,0
0,0.44004040009895107,0
0,0.4219330937230552,0
0,0.5179480036513269,1
0,0.43117576776967326,0
0,0.5346443068265216,1
0,0.4308457064034883,0
0,0.4704178728261468,0
0,0.34589832284291333,0
0,0.159458927826563,0
0,0.3773324639259954,0
0,0.4067365274477197,0
0,0.23669532326312037,0
0,0.38149833322859195,0
0,0.26865419372006727,0
0,0.16214726494581555,0
0,0.3926515486327844,0
0,0.43949019688079716,0
0,0.4280656694281788,0
0,0.4828447823347233,0
0,0.43484592912682274,0
0,0.44411356107775646,0
0,0.23575353778142016,0
0,0.4962569830058783,1
0,0.48918585193860054,1
0,0.47343035688572854,0
0,0.5170812434189429,1
0,0.4044291158006672,0
0,0.4016953118680249,0
0,0.25386883668579685,0
0,0.4904150710954127,1
0,0.35823086248092295,0
0,0.40451778606256994,0
0,0.492050474478674,1
0,0.4813733707251231,0
0,0.473545031480171,0
0,0.47919817460388003,0
0,0.38548573792104435,0
0,0.5071276888993452,1
0,0.4459858965346939,0
0,0.3248918499575666,0
0,0.5616602621412312,1
0,0.4665234558869997,0
0,0.3770832564387092,0
0,0.45133951305069786,0
0,0.46548259764313116,0
0,0.4594631089585164,0
0,0.2759962141390133,0
0,0.21271722797609982,0
0,0.42917781053438375,0
0,0.46275316705941805,0
0,0.45538644773660053,0
0,0.25632603172743984,0
0,0.22254298677398765,0
0,0.4557902349206415,0
0,0.4454241101338994,0
0,0.43505380548594985,0
0,0.3504109492732823,0
0,0.47180963364371564,0
0,0.5182185318099073,1
0,0.2931843909955205,0
0,0.1418214697860094,0
0,0.2668559551493672,0
0,0.4862573686914402,1
0,0.417040393635034,0
0,0.09215647524797532,0
0,0.3014517288611387,0
0,0.441265229088458,0
0,0.47822269505013537,0
1,0.5337206773638172,1
1,0.5027543919331947,1
0,0.5056537562413723,1
0,0.4886633300793619,1
0,0.10557446906932455,0
0,0.1761575036580325,0
0,0.49273625965361134,1
0,0.49642500852860394,1
0,0.49936085085209925,1
0,0.18330588868593622,0
0,0.38404849690778065,0
1,0.4520755157845997,0
0,0.24989068916147517,0
0,0.4375594108769292,0
0,0.21316436802044336,0
0,0.2034859286268329,0
0,0.45785867083213816,0
0,0.2940492901234393,0
0,0.39684315800150216,0
0,0.19622281324336655,0
0,0.47288395066789235,0
0,0.5195290595820552,1
0,0.47601646296425315,0
0,0.3468344568973407,0
0,0.16724734625859128,0
0,0.37868676821744884,0
0,0.48213194865275,0
0,0.311588811879119,0
1,0.4502464546731062,0
0,0.3082443363764469,0
0,0.4006608210183913,0
0,0.31428826514820685,0
0,0.4570459938258864,0
0,0.27347621187254845,0
0,0.4681557582825917,0
0,0.4624813625778188,0
0,0.49307469211089483,1
0,0.4700227441644529,0
0,0.42352502724497754,0
0,0.17555265655755647,0
0,0.2582382445434632,0
0,0.42852503088579397,0
0,0.39447388968801533,0
0,0.4243435591342859,0
0,0.4417672860508901,0
0,0.2340836150233372,0
0,0.2989757552604715,0
0,0.36258857534812705,0
0,0.440838046682984,0
0,0.48351263839686,0
0,0.47774811416093144,0
0,0.15647951597748033,0
0,0.29629790372746356,0
0,0.054713405212169164,0
0,0.37756500479554234,0
0,0.15967831056696014,0
0,0.27392568960931385,0
0,0.5169082494721806,1
0,0.4652009435903892,0
0,0.20354667193714704,0
0,0.34947444688259566,0
0,0.4971278939920012,1
0,0.46677113569421635,0
0,0.4637356931980321,0
0,0.4156682721586549,0
0,0.43912137466759305,0
0,0.4492241391162679,0
0,0.4341015034424345,0
0,0.39644459009832644,0
0,0.4561807002119167,0
0,0.5029140741935407,1
0,0.5131254779789742,1
0,0.48785273951580166,1
0,0.4835125036024692,0
0,0.4791173985977366,0
0,0.37832142686056613,0
0,0.24504081392660737,0
0,0.4099786885071808,0
0,0.48327179818443255,0
0,0.1337381236589863,0
0,0.027952660913797445,0
0,0.2872709707462491,0
0,0.3007826091852621,0
0,0.22387191885172797,0
0,0.11982002060540253,0
0,0.35615699854679406,0
0,0.44723047578372643,0
0,0.2759185559916659,0
0,0.4923323785769753,1
0,0.4524465761369356,0
0,0.233363391353123,0
0,0.494290583572365,1
0,0.4041263937779149,0
0,0.10678876576821494,0
0,0.4324815566651523,0
0,0.47063221891221474,0
0,0.42441651973967964,0
0,0.4976437329878536,1
0,0.1806717906583799,0
0,0.26962174234722625,0
0,0.43559048769930087,0
0,0.2986924973265559,0
0,0.39248379022865265,0
0,0.4147978890068771,0
0,0.3460319757941761,0
0,0.22116109022317687,0
0,0.23338803388651286,0
0,0.3855500718073017,0
0,0.4491726008182013,0
0,0.4165575635870482,0
0,0.33577282353508053,0
0,0.20403759098917362,0
0,0.2117462577043625,0
0,0.3225557358164224,0
0,0.16373719116745633,0
0,0.034903735690022586,0
0,0.470198894461646,0
0,0.3861574008278694,0
0,0.32564185269438894,0
0,0.490436634316211,1
0,0.35372736963290663,0
0,0.37830841674986004,0
0,0.43757939466559037,0
0,0.4023362396092125,0
0,0.5643787147309922,1
0,0.4032540924290515,0
0,0.11995533786102897,0
0,0.17322660162426473,0
0,0.23707636874132731,0
0,0.3788772796651756,0
0,0.42965963303322496,0
0,0.46301676475195563,0
0,0.24474303409078857,0
0,0.4444336246124294,0
0,0.2123434566801734,0
0,0.5027871383881575,1
0,0.40318478856897855,0
0,0.40801521963112464,0
0,0.09486030048901739,0
0,0.4254496719204326,0
0,0.4995879045109177,1
0,0.2016804650411359,0
0,0.39859286556929874,0
0,0.39140408616185596,0
0,0.4387950881900906,0
0,0.028269351789276698,0
0,0.28894707922700036,0
0,0.4281911956932163,0
0,0.504606030004652,1
0,0.4410917524874094,0
0,0.43230207182750746,0
0,0.22833204432754428,0
0,0.471152030659141,0
0,0.425840596875787,0
0,0.4161343640189443,0
0,0.4219219103197247,0
0,0.47200128809708986,0
0,0.5072497977980674,1
0,0.4388941635897936,0
0,0.3125506600008521,0
0,0.45563307658812846,0
0,0.4689390036455734,0
0,0.4237936239314877,0
0,0.36603260778065305,0
0,0.18275665108012618,0
0,0.42143739636958344,0
0,0.5141973981681076,1
0,0.4883514533867128,1
0,0.4814733478415292,0
0,0.41099311216567,0
0,0.5295994857769983,1
1,0.4537716023896792,0
0,0.5052820634973614,1
0,0.4560973734369327,0
0,0.5143579973009764,1
0,0.4403678252529062,0
0,0.434824821919392,0
0,0.45203906208917033,0
0,0.3611103949442622,0
0,0.4981536514715117,1
0,0.3091596390459017,0
0,0.4811788837851054,0
0,0.5176236174502264,1
0,0.43117657936272735,0
0,0.22560116442582512,0
0,0.3679590466836089,0
0,0.4605622975741426,0
0,0.4943793494840065,1
0,0.4431083893232426,0
0,0.4853046834596171,1
0,0.40087948039217736,0
0,0.25283339911402436,0
0,0.47796239064882684,0
0,0.4382849372650526,0
0,0.26498112444278377,0
0,0.2015700288775406,0
0,0.44880488388116646,0
0,0.4868098334281967,1
0,0.4611102589242364,0
0,0.10033418587772758,0
0,0.21264396964761545,0
0,0.45834967131850135,0
0,0.3375219449735596,0
0,0.47987380184349604,0
0,0.38797142987641564,0
0,0.4967769167069491,1
0,0.36015674464579206,0
0,0.3721593315476639,0
0,0.4087049897516408,0
0,0.417004554754385,0
0,0.26457402954292775,0
0,0.42903573060175404,0
0,0.5096047246152011,1
0,0.2746735717919364,0
0,0.29524135787687555,0
0,0.29890386535043945,0
0,0.4134059665393579,0
0,0.45027877165375685,0
0,0.3766049024397944,0
0,0.49473085186946264,1
0,0.47922921335702995,0
0,0.5143283880224772,1
0,0.5039192161257233,1
1,0.503233694782466,1
0,0.4061740572524286,0
0,0.5099420079732226,1
0,0.49875555423568585,1
0,0.303601259161951,0
0,0.43928698308627645,0
0,0.4606757173223741,0
0,0.3451384483396396,0
0,0.45836373167912825,0
0,0.4280232832825277,0
0,0.510948203598673,1
0,0.44771990631488734,0
0,0.49528492585523054,1
0,0.4935329294130497,1
0,0.2716472361844353,0
0,0.3068909661324142,0
0,0.5005402307069744,1
0,0.4783382230652933,0
0,0.4479371105244354,0
0,0.3944932988179062,0
0,0.40726061051645956,0
0,0.5291750036776648,1
0,0.3069013196545711,0
0,0.26782187979006267,0
0,0.47179702369248844,0
0,0.18191309356552665,0
0,0.4088640002592001,0
0,0.482317558811701,0
0,0.2676384360074735,0
0,0.45128118089451164,0
0,0.27383751178058446,0
0,0.4229850168230769,0
0,0.08420599794953887,0
0,0.340133620042252,0
0,0.3020576376184181,0
0,0.5141509101922566,1
0,0.37675662453511904,0
0,0.46022380047725164,0
0,0.36339664704610186,0
0,0.14197436365066096,0
0,0.4065851185405336,0
0,0.36345606463510194,0
0,0.36364681003033184,0
0,0.3516738055313908,0
0,0.3043590577253781,0
0,0.08713780162906914,0
0,0.3102398996670672,0
0,0.33329223958207876,0
0,0.46511225805443246,0
0,0.44483826111172675,0
0,0.48141303328156937,0
0,0.41084438950565527,0
0,0.20628944815689465,0
0,0.515223279095153,1
0,0.45875943762985116,0
0,0.3868995694392652,0
0,0.3657340504687454,0
0,0.24772266529180342,0
0,0.46318570006587834,0
0,0.46168709209086956,0
0,0.38192980906023877,0
0,0.43403579940786585,0
0,0.4674329566223605,0
0,0.37882177626306657,0
0,0.508426260728811,1
0,0.5024225165579992,1
0,0.4757606790117279,0
0,0.3697248248390679,0
0,0.375801986481747,0
0,0.40922766527910426,0
0,0.45100327565342013,0
0,0.48055550169738126,0
0,0.49585127321552136,1
0,0.5024231971765403,1
0,0.5087959267475526,1
0,0.5348368737886631,1
0,0.538291702285278,1
0,0.4888396976330114,1
0,0.29448401475565333,0
0,0.23730604929005494,0
0,0.32663343041349435,0
0,0.3103599920141278,0
0,0.22312714997860894,0
0,0.30597988151384925,0
0,0.490941627716893,1
0,0.2993288688667235,0
0,0.31243567004275974,0
0,0.48412316321810067,1
0,0.38237534547988616,0
0,0.3967348530622985,0
0,0.45923746765765827,0
0,0.3536999822808866,0
0,0.31505825204476423,0
0,0.34494398489368905,0
0,0.2211129479783267,0
0,0.417077193971636,0
0,0.28304741162901337,0
0,0.4754671365917602,0
0,0.3644242177306296,0
0,0.4564337970350607,0
0,0.4090971199893829,0
0,0.36359359490234056,0
0,0.46360562550034956,0
0,0.3328197262053436,0
0,0.4357735025259899,0
0,0.23599346827359113,0
0,0.3075010518623458,0
0,0.327566286739966,0
0,0.42355454800417647,0
0,0.48186305252784223,0
0,0.5302577987094992,1
0,0.219378153757134,0
0,0.4475687609756278,0
0,0.29610946218781464,0
0,0.49700377399676654,1
0,0.2781837028651353,0
0,0.4764535835656716,0
0,0.5166481367850793,1
0,0.49437809678966005,1
0,0.5315034564828238,1
0,0.4453906906710472,0
0,0.4540194438977778,0
0,0.3831085768815683,0
0,0.2810678982496029,0
0,0.4007713156097452,0
0,0.061424553641700186,0
0,0.4744299717567628,0
0,0.345157718667906,0
0,0.41825795576187375,0
0,0.27034043655294226,0
0,0.5310181452387042,1
0,0.4427717085236509,0
0,0.2528656687827606,0
0,0.17721703050301585,0
0,0.40728709913310013,0
0,0.27759638929273933,0
0,0.5614644265333482,1
0,0.24080296645297494,0
0,0.12731572944903746,0
1,0.444820439133764,0
0,0.40052694380756293,0
0,0.24362738521813299,0
0,0.4031156918499619,0
0,0.48099241849013197,0
0,0.46955389858158014,0
0,0.49364667428380926,1
0,0.4667476254617213,0
0,0.4549556931197003,0
0,0.42023559392328025,0
0,0.4919602858226426,1
0,0.3040034484456555,0
0,0.27455477958210395,0
0,0.06648807326382666,0
0,0.3586337426550017,0
0,0.22574159403302474,0
0,0.4070911538819928,0
0,0.4756704744140734,0
0,0.43460678552582976,0
0,0.29775220420197,0
0,0.5251519839403045,1
0,0.4120768858192605,0
0,0.3628917656442354,0
0,0.27331146904907655,0
0,0.4774861133100785,0
0,0.39224843615374994,0
0,0.3531256193709851,0
0,0.4427966264065617,0
0,0.31461561321157205,0
0,0.4135004222916905,0
0,0.5049074089620262,1
0,0.4953113067003869,1
0,0.4630203464985243,0
0,0.3805043212523742,0
0,0.33121443814343365,0
0,0.30187162644506316,0
0,0.34745017506611475,0
0,0.4677069411245611,0
0,0.46291785166977206,0
0,0.4278426478849724,0
0,0.3483201549988735,0
0,0.38095652834272187,0
0,0.43243737505144964,0
0,0.28863641033603926,0
0,0.47670373354048934,0
0,0.46844176464401244,0
0,0.2916466536134976,0
0,0.4969682551400183,1
0,0.5187534300403058,1
0,0.4891454456446809,1
0,0.2857342527004221,0
0,0.2564937868337438,0
0,0.29883289932149637,0
0,0.4609224874056963,0
0,0.19972305355804565,0
0,0.37428936072865326,0
0,0.4528401734551153,0
0,0.47255079578826553,0
0,0.4451613449273282,0
0,0.4971079806891794,1
0,0.5037116342464287,1
0,0.4124503503608139,0
0,0.2879034057514218,0
0,0.5090737622376764,1
0,0.3647542807193531,0
0,0.39429983184527373,0
0,0.32446438215811213,0
0,0.4620927166270121,0
0,0.43329937604903535,0
0,0.4046829401377181,0
0,0.4682994834911369,0
0,0.46123330930458906,0
0,0.21950036468115286,0
0,0.38185186740156496,0
0,0.4815890677327843,0
0,0.44018119653628673,0
0,0.4833042135815049,0
0,0.469464255245839,0
0,0.5088134276393248,1
0,0.25701282520458335,0
0,0.505468107676279,1
0,0.49274842317026923,1
0,0.28543187316608964,0
0,0.4378250158079027,0
0,0.2571301401912933,0
0,0.26587905641463294,0
0,0.5158439418319176,1
0,0.3828510973962693,0
0,0.18249444176399265,0
0,0.3506517186633573,0
0,0.033417778910006746,0
0,0.4129603793262504,0
0,0.41403982598058064,0
0,0.2226333512335259,0
0,0.45103030217251217,0
0,0.5157621237813146,1
0,0.5135358736315538,1
0,0.35520408298179973,0
0,0.39547574409880326,0
0,0.40407354209128243,0
0,0.45841439914329385,0
0,0.4556532476344728,0
0,0.34700867042920436,0
0,0.24701778469534474,0
0,0.4825458967789018,0
0,0.4290959812642541,0
0,0.4443314348227432,0
0,0.4502639540569362,0
0,0.20934779658273328,0
0,0.4390381960874947,0
0,0.3346174929829431,0
0,0.40565215773494856,0
0,0.39657320545302355,0
0,0.36535831931905705,0
0,0.3645091672169656,0
0,0.47630221979125054,0
0,0.45822282543667825,0
0,0.3818603165564127,0
0,0.4338587470301718,0
0,0.3064758946566144,0
0,0.463247122719622,0
0,0.40814995607797755,0
0,0.47186219990544487,0
0,0.040807413035508944,0
0,0.43124924999392533,0
0,0.4269297903756524,0
0,0.40561627849274373,0
0,0.2876428447452781,0
0,0.4395892662505503,0
0,0.2942869349371904,0
0,0.4053044562260766,0
0,0.25033290285682597,0
0,0.30847241768424283,0
0,0.4723942452492338,0
0,0.4845397063418204,1
0,0.4163958708395512,0
0,0.39649857645599695,0
0,0.22482949273762642,0
0,0.37430678775854176,0
0,0.5004762178632518,1
0,0.4497727816924453,0
0,0.03948551525172661,0
0,0.3087264222540398,0
0,0.4614573309991101,0
0,0.23842316654372553,0
0,0.4312490719057678,0
0,0.030009166526724584,0
0,0.16082895507679495,0
0,0.20070927026063146,0
0,0.33286378438788233,0
0,0.26677798397759034,0
0,0.4120148458005133,0
0,0.47094509926319006,0
0,0.4160010298801353,0
0,0.40437077075876005,0
0,0.4679857080918737,0
0,0.03800857025817095,0
0,0.21016314937514835,0
0,0.32282663183104887,0
1,0.4827119833735196,0
1,0.5693191167338227,1
0,0.1269462707605271,0
0,0.3188566603803338,0
0,0.3633481357464916,0
0,0.4100078493775072,0
0,0.27104885736298456,0
0,0.21746361062832875,0
0,0.06972963065345539,0
0,0.4267032364496117,0
0,0.3903731019454426,0
0,0.09707569507190783,0
0,0.3158512781592435,0
0,0.4515181541464699,0
0,0.265818369893168,0
0,0.3934703691993491,0
0,0.34871812718301953,0
0,0.4870885272266605,1
0,0.13582936954662728,0
0,0.10182136231742334,0
0,0.43513951483510027,0
0,0.35953979067380715,0
0,0.3150536236607877,0
0,0.37219450601514836,0
0,0.0966348750735051,0
0,0.38480624233125127,0
0,0.5389071057852561,1
0,0.2699926297500497,0
0,0.24484744588880858,0
0,0.2523498269783886,0
0,0.33097988980807713,0
0,0.29901770739161293,0
0,0.06997316158049216,0
0,0.12530762569440412,0
0,0.24007077567148372,0
0,0.3520115880019148,0
0,0.40067336771971895,0
0,0.5462024220287276,1
0,0.32050798365162336,0
0,0.3010264792465023,0
0,0.346964288773961,0
0,0.1524849228808307,0
0,0.43707141930462967,0
0,0.2927281163265434,0
0,0.465635280665083,0
0,0.4884132895112998,1
0,0.36710825522095547,0
0,0.5173033584087534,1
0,0.43949573941245035,0
0,0.4021337723115721,0
0,0.14039554293958645,0
0,0.1269994667818537,0
0,0.23208929061001982,0
0,0.25145800893733394,0
0,0.37849686833578744,0
0,0.393441830701704,0
0,0.2374014324068412,0
0,0.4446143353397929,0
0,0.30877478506954503,0
0,0.18003444638088695,0
0,0.04975554008888139,0
0,0.09271761993113614,0
0,0.18570444131910335,0
0,0.13689314749535697,0
0,0.25563992348179454,0
0,0.2532887354536797,0
0,0.5096341310454591,1
0,0.35625108713611553,0
0,0.16753850616078125,0
0,0.33477823741668544,0
0,0.39287276055983966,0
0,0.386869545240188,0
0,0.25823398403554165,0
0,0.27802687567782414,0
0,0.3627956389955216,0
0,0.36408424188812205,0
0,0.5336862754429603,1
0,0.483635275530105,0
0,0.21842817496872158,0
0,0.48247187301421945,0
0,0.45352644044032786,0
0,0.3687277735953103,0
1,0.514859950329992,1
0,0.36682914346965845,0
0,0.35743643472778786,0
0,0.26170193585676316,0
0,0.290245487316497,0
0,0.0921835829030897,0
0,0.3587280610554444,0
0,0.4499180823604547,0
0,0.509844216539932,1
0,0.4468240721944312,0
0,0.44204214970704925,0
0,0.3175481566504459,0
0,0.4801373761583818,0
0,0.3257179187312431,0
0,0.3928193699612166,0
0,0.3664882676930574,0
0,0.2902143493320182,0
0,0.48299571630195715,0
0,0.43340666557742225,0
0,0.4610234631854837,0
0,0.437760588762103,0
0,0.17446019918679667,0
0,0.48274392086386797,0
0,0.4296169052777259,0
0,0.4089341387971217,0
0,0.5076502242354763,1
0,0.20876128251802584,0
0,0.3114987928256596,0
0,0.045569807836727705,0
0,0.4785310941897478,0
0,0.3611457535971567,0
0,0.24471331478162028,0
0,0.11082798888128309,0
0,0.17021339072380215,0
0,0.3185361893665686,0
0,0.5231070115896728,1
0,0.4912633936146449,1
0,0.4273681765389483,0
0,0.545417965078741,1
0,0.24787901065246842,0
0,0.32996654830458283,0
0,0.3853743676427257,0
0,0.27850586530075816,0
0,0.5142267564770009,1
0,0.21501717212049698,0
0,0.39027004234412743,0
0,0.45543881226149097,0
0,0.3719136636755138,0
0,0.5410823795973556,1
0,0.4394388215187064,0
0,0.5469611323387653,1
0,0.5288417558585934,1
0,0.5032972282770061,1
0,0.48738569419219857,1
0,0.4301357910499064,0
0,0.25418609351618215,0
0,0.3510953367804177,0
0,0.30973510705007357,0
0,0.031899508418064215,0
0,0.2798279794242262,0
0,0.07702336600596027,0
0,0.26983855640537513,0
0,0.49623237389278074,1
0,0.19959671223296027,0
0,0.28725382658194576,0
0,0.23102396301692352,0
0,0.021344051623600535,0
0,0.17497642004491354,0
0,0.2127726721810177,0
0,0.24293077422771603,0
0,0.18677077912070672,0
0,0.40446987800169154,0
0,0.1874832683843124,0
0,0.041274133220213116,0
0,0.2197662126600335,0
0,0.03956108887359733,0
0,0.34582431255512347,0
0,0.17071996430422587,0
0,0.23112774274704861,0
0,0.3754907152015221,0
0,0.3931272035351867,0
0,0.2479537275921757,0
0,0.3770288453779358,0
0,0.415075506822177,0
0,0.2384606607083697,0
0,0.18571968559081142,0
0,0.20180906793029862,0
0,0.21266314087915816,0
0,0.07250630764610833,0
0,0.07179942549373663,0
0,0.40675792639194697,0
0,0.50802599688177,1
0,0.4934241128867143,1
0,0.3155573133899452,0
0,0.3073490021888574,0
0,0.36016155853030796,0
0,0.3914835587165726,0
0,0.279455729692927,0
0,0.4878687600721605,1
0,0.44529710902497754,0
0,0.42636079630938184,0
0,0.43975291261995153,0
0,0.20957246235775528,0
0,0.32005056478010374,0
0,0.42691849036418716,0
0,0.3806238827000925,0
0,0.43557733981651836,0
0,0.49109515772033774,1
0,0.2647928204405616,0
0,0.39901564032334136,0
0,0.15182014917081688,0
0,0.35835045779822394,0
0,0.12715737108374014,0
0,0.34668744649570726,0
0,0.5141615499014733,1
0,0.271683061209842,0
0,0.37338844867736043,0
0,0.42281742654085974,0
0,0.14702367172321829,0
0,0.45585218380256265,0
0,0.4096539346355712,0
0,0.2904696337409405,0
0,0.2250365248437447,0
0,0.46666674360312754,0
0,0.5157084555721667,1
0,0.3896182884436712,0
0,0.5155939207998017,1
1,0.35215084156152443,0
0,0.23474622268986423,0
0,0.412757722006063,0
0,0.49326822519651614,1
0,0.3194124774654483,0
0,0.2999774480558699,0
0,0.525842955623375,1
0,0.4775066375059396,0
0,0.4891151789433934,1
0,0.4616679008886422,0
0,0.543231108757027,1
0,0.5015409548796015,1
0,0.5077563339182234,1
0,0.3879140148474107,0
0,0.5259556321288983,1
0,0.2590203467334504,0
0,0.13093597813713131,0
0,0.1322925250915432,0
0,0.08484660888461804,0
0,0.1983074464606034,0
0,0.14295500135995098,0
0,0.35713176740500785,0
0,0.49755603542143945,1
0,0.23064317860917072,0
0,0.22489712897913705,0
0,0.3751230198176927,0
0,0.4059560612877249,0
0,0.23646743579047325,0
0,0.2228934832583036,0
0,0.3141631348280498,0
0,0.21076530366553925,0
0,0.15118518105555268,0
0,0.27257835507225536,0
0,0.27884301236917963,0
0,0.033204191611730494,0
0,0.4505007815150748,0
0,0.33074242303700885,0
0,0.39389843651770207,0
0,0.3889868695350742,0
0,0.25259847358574916,0
1,0.4926086411833239,1
1,0.49578941735308035,1
0,0.17122892957013391,0
0,0.28491027357813437,0
0,0.11907759132918727,0
0,0.4044207409679075,0
0,0.481166979221598,0
0,0.27531168897075986,0
0,0.17338818837015424,0
0,0.211884007201661,0
0,0.3589074840765534,0
0,0.5042666079389164,1
0,0.5057770602525125,1
0,0.038786712797445944,0
0,0.3281439582860912,0
0,0.28671212033623306,0
0,0.294265554728554,0
0,0.2609090341593401,0
0,0.07400591654914024,0
0,0.14606637160977698,0
0,0.2246247133189172,0
0,0.26062221264874097,0
0,0.4012784668466338,0
0,0.40426456663408317,0
0,0.4774457659532345,0
0,0.39832055790793675,0
0,0.4076875618975464,0
0,0.35993466804029595,0
0,0.4850799557589198,1
0,0.32428240257104335,0
0,0.3684517085639527,0
0,0.36964101953162753,0
0,0.440258769049251,0
0,0.15467631979299767,0
0,0.24283957491934416,0
0,0.09062992161125294,0
0,0.11825681250411435,0
0,0.2501821317782742,0
0,0.5305764225904568,1
0,0.3749235736358969,0
0,0.3747898346009606,0
0,0.5531141746359935,1
0,0.4181264293183631,0
0,0.3666983285547758,0
0,0.43825359685615695,0
0,0.18135789769439725,0
0,0.44643214230927697,0
0,0.22908387891220627,0
0,0.3838231209792866,0
0,0.38745479009958217,0
0,0.14595273383201857,0
0,0.15427114904559858,0
0,0.49248616930344724,1
0,0.42668134601262864,0
0,0.2668835944023158,0
0,0.17946032909821952,0
0,0.044895968172568246,0
0,0.14731747828227526,0
0,0.46118108963491977,0
0,0.41103525887774595,0
0,0.39463120530672313,0
0,0.5361330624236871,1
0,0.2723162877246068,0
0,0.4265977675840986,0
0,0.41914137550520536,0
0,0.48191004046748276,0
0,0.321309339349682,0
0,0.1866791138654662,0
0,0.1551364102106163,0
0,0.3741485869322787,0
0,0.5000618381291133,1
0,0.21522606822145463,0
0,0.39242721775372047,0
0,0.40686845921663917,0
0,0.42816350304383377,0
0,0.3613768486738991,0
0,0.4088204525196488,0
0,0.3490260457874683,0
0,0.19413890634677955,0
0,0.3058177551756671,0
0,0.4309577659259958,0
0,0.4428156008616497,0
0,0.3036944620907889,0
0,0.4773369437552901,0
0,0.38704719213455974,0
0,0.11008050812051806,0
0,0.48139613778766943,0
0,0.4895851664714428,1
0,0.40250073856077506,0
0,0.4811262375824299,0
0,0.4476121378065727,0
0,0.5022147616964503,1
0,0.5108491662413144,1
0,0.3543307508352882,0
0,0.5171335965733306,1
0,0.497549252004319,1
0,0.45786841260087385,0
0,0.48820020851053414,1
0,0.5214183624466386,1
0,0.48032397144015704,0
0,0.22705222926379065,0
0,0.2763828772094712,0
0,0.4974789129864803,1
0,0.4805145618338429,0
0,0.5092839370099682,1
0,0.4913486056793772,1
0,0.4725043275830103,0
0,0.43342727901108447,0
0,0.508866444675732,1
0,0.5084132479169057,1
1,0.5391769395155279,1
0,0.31113879625627305,0
1,0.39158453354502853,0
0,0.2424749867495848,0
0,0.25561034409474814,0
0,0.1343485818924819,0
0,0.1654664626748854,0
0,0.27801296967300004,0
0,0.29419502795644803,0
0,0.40548062012203445,0
0,0.4420154887429817,0
0,0.22276160980072746,0
0,0.4425097578568966,0
0,0.4532410624415206,0
0,0.36605414173027384,0
0,0.38188962361346057,0
0,0.2731058416466112,0
0,0.3694491513670073,0
0,0.45116951452837384,0
0,0.4247421381769527,0
0,0.4223970325292612,0
0,0.4933387275741552,1
0,0.48083306427361094,0
0,0.10200853445894609,0
0,0.5116366931870289,1
0,0.08268114616112143,0
0,0.5312687562236533,1
0,0.5319246564667992,1
0,0.23700844631457585,0
0,0.3989965411947196,0
0,0.4626091177415219,0
0,0.4006277118296566,0
0,0.2864587340518483,0
0,0.5502923454259872,1
0,0.43182092795541394,0
0,0.28990182019879285,0
0,0.2040227269008028,0
0,0.033720069492119364,0
0,0.3522903968751052,0
0,0.4613128299588425,0
0,0.4265765262043715,0
0,0.43803669424414693,0
0,0.3819941213114362,0
0,0.3348485469850857,0
0,0.3615998314344324,0
0,0.3235957841043273,0
0,0.5029481376896001,1
0,0.3312988693032821,0
0,0.2479664713719103,0
0,0.4962904407275346,1
0,0.4746035228799883,0
0,0.3802225504496164,0
0,0.4398043624296406,0
0,0.40010306667863915,0
0,0.3502816801992594,0
0,0.20923217404379102,0
0,0.47394848316616844,0
0,0.2944330419340986,0
0,0.47386109957733424,0
0,0.43064712747764133,0
0,0.4930286597209488,1
0,0.4388504864418792,0
0,0.40016165947417903,0
0,0.37572526758413005,0
0,0.4699593594104954,0
0,0.48251741474268783,0
0,0.22756177451083204,0
0,0.3724122727271606,0
0,0.4074430766777368,0
0,0.452525363640234,0
0,0.42460321225553344,0
0,0.382763604822685,0
0,0.032318278827006,0
0,0.24905889661567926,0
0,0.46452392026549205,0
0,0.501116865527365,1
0,0.40840646842661954,0
0,0.33948383721690334,0
0,0.08623759940383025,0
0,0.35323549491477024,0
0,0.2451582399335166,0
0,0.47003279595446656,0
0,0.2676295958826813,0
0,0.3956091139225464,0
0,0.4518915677708719,0
0,0.32476038252752915,0
0,0.529254410206704,1
0,0.5031519642434432,1
0,0.3227989768838597,0
0,0.23279359692241997,0
0,0.4120144755634101,0
0,0.2768331587958528,0
0,0.3645844663842581,0
0,0.5139756466560357,1
0,0.115346430140562,0
0,0.27148605176807905,0
0,0.14660438068312942,0
0,0.26919820005969086,0
0,0.4496333562201471,0
0,0.4055232672199054,0
0,0.19092891654509003,0
0,0.23675262238793948,0
0,0.15601594402323826,0
0,0.19166190285432094,0
0,0.3995406542526325,0
0,0.1272190930412762,0
0,0.09342948383346084,0
0,0.5034336554126639,1
0,0.5671684735607414,1
0,0.39804705707319954,0
0,0.3826059056864324,0
0,0.133656906118631,0
0,0.10208476892512408,0
0,0.2632606555798702,0
0,0.25911357002587465,0
0,0.22110088479348633,0
0,0.2811020937770081,0
0,0.3893475460499758,0
0,0.49103861312141817,1
0,0.46727415369787195,0
0,0.2672051316512807,0
0,0.08669094867946114,0
0,0.15182034820099943,0
0,0.48997419298211753,1
0,0.3611632583888422,0
0,0.47479426486643206,0
0,0.25422411623367225,0
0,0.4660584932735219,0
0,0.2639260714076954,0
0,0.2578781227439322,0
0,0.23241728555149166,0
0,0.35647307418184937,0
0,0.4650875451043248,0
0,0.23045656392423552,0
0,0.4305038528145815,0
0,0.4519506696542521,0
0,0.3267536817347718,0
0,0.5156069633667357,1
0,0.0969801246192219,0
0,0.2543724144652515,0
0,0.49790926321657025,1
0,0.40692922515881946,0
0,0.1480100764274539,0
0,0.2796598687018559,0
0,0.19098132110411825,0
0,0.1945599477567157,0
0,0.42561462958656193,0
0,0.3929751399664383,0
0,0.23355354354862357,0
0,0.22216960452715284,0
0,0.2792621616190445,0
0,0.1711460935021023,0
0,0.41096257924073143,0
0,0.1983938050470897,0
0,0.2689445545383933,0
0,0.48245107176626334,0
0,0.4424243212906731,0
0,0.18867755732208025,0
1,0.5069962336929166,1
0,0.26025269052479416,0
0,0.32174087247221905,0
0,0.07110230372745718,0
0,0.45361493904601957,0
0,0.14875269266485702,0
0,0.06120553916116478,0
0,0.35861472611395584,0
0,0.316172373450172,0
0,0.2726904805858794,0
0,0.46305803393624956,0
0,0.17966011705357232,0
0,0.3529477524189133,0
0,0.2248505374245724,0
0,0.19174924718572584,0
0,0.29116917289320554,0
0,0.23464844406043994,0
0,0.4646040396855824,0
0,0.41599226865037053,0
0,0.22685388948048058,0
0,0.5092895748584851,1
0,0.1996667443872866,0
0,0.5169251583338337,1
0,0.3861160425367416,0
0,0.06991643712171935,0
0,0.13651647565529856,0
0,0.23342244990635663,0
0,0.37836849725317734,0
0,0.27098751009907573,0
0,0.3061503391181759,0
0,0.5172245067369658,1
0,0.28886461497495475,0
0,0.281886417131318,0
0,0.23226403692206077,0
0,0.4449808008139371,0
0,0.22865049701431417,0
0,0.2614427884855104,0
0,0.2736330741627171,0
0,0.22857233469403582,0
0,0.47130139556975337,0
0,0.43773977241107787,0
0,0.24258265232128906,0
0,0.22154114264412783,0
0,0.2681674695922993,0
0,0.18433277055737562,0
0,0.298379894646132,0
0,0.4481234564027545,0
0,0.19775053319062863,0
0,0.17821682880821754,0
0,0.4833659674386581,0
0,0.4199012756434968,0
0,0.49952097057030187,1
0,0.39234292431137874,0
0,0.44273321233958995,0
0,0.23470881902903784,0
0,0.4531358497461042,0
0,0.04277323636961228,0
0,0.3835400489897438,0
0,0.4317147184719943,0
0,0.4219396157295705,0
0,0.49120504827260447,1
0,0.5761343810008839,1
0,0.48893923199102574,1
0,0.4426519801691029,0
0,0.39459070259363216,0
0,0.32422348110230814,0
0,0.4329228929036617,0
0,0.43843718903372064,0
0,0.4198094997318549,0
0,0.41379715150469565,0
0,0.33070471646351507,0
0,0.40526656164183805,0
0,0.4834081616518233,0
0,0.2448782768096862,0
0,0.4690916576200834,0
0,0.4920052976685838,1
0,0.3017952626778424,0
0,0.12882560391699371,0
0,0.09917953419972036,0
0,0.5304825634611916,1
0,0.5073735987043619,1
1,0.4030159794365318,0
1,0.5039820284819143,1
1,0.37601691939198645,0
0,0.40809746623563115,0
0,0.38125618382582616,0
0,0.059841347338078776,0
0,0.49907975249152514,1
0,0.26551346743690374,0
0,0.34625332187533786,0
0,0.39413768716076447,0
0,0.5016466169399791,1
0,0.5419150457692012,1
0,0.2916737788764294,0
0,0.32492439500310866,0
0,0.2857804053583095,0
0,0.24502689147630008,0
0,0.25156597372733813,0
0,0.1869250656091026,0
0,0.5178589326042129,1
0,0.4244170294623473,0
0,0.45560088864112913,0
0,0.28101435637290706,0
0,0.4096791775100428,0
0,0.31286721913966176,0
0,0.14409135697496822,0
0,0.24458301664526516,0
0,0.20846313668880612,0
0,0.45672787011608307,0
0,0.3438143213352305,0
0,0.4675994497938518,0
0,0.4413898465827515,0
0,0.3495742070772394,0
0,0.4299522930268722,0
0,0.46129936207580613,0
0,0.2268130156735424,0
0,0.37016566232523473,0
0,0.2151712451432104,0
0,0.42115926446604135,0
0,0.4510911195411609,0
0,0.5083979474202351,1
0,0.2647262920727371,0
0,0.34677357871987624,0
0,0.3312829551887262,0
0,0.3550124991888879,0
0,0.057923253707485856,0
0,0.20413764877775975,0
0,0.3880847456985066,0
0,0.4106452518426522,0
0,0.16650333902543935,0
0,0.5012141784209234,1
0,0.21750969058120972,0
0,0.40196886628473294,0
0,0.4835146214481938,0
0,0.28689896686228167,0
0,0.06690062300185673,0
0,0.43144158359973517,0
0,0.5198611713221908,1
0,0.448537479260267,0
0,0.3541337659535202,0
0,0.2996870729202783,0
0,0.09671647458708321,0
0,0.44359077110129874,0
0,0.2801976989121613,0
0,0.31298434349264426,0
0,0.3814382476157334,0
0,0.3819399452258949,0
0,0.26884173813959933,0
0,0.43490809579452616,0
1,0.46720948777328886,0
0,0.20030221966408135,0
0,0.3857463103831833,0
0,0.10647694076760672,0
0,0.3074746285838046,0
0,0.22845007783689653,0
0,0.4068558910203137,0
0,0.412509667528866,0
0,0.40446763903673855,0
0,0.28771949893598503,0
0,0.26571456087003753,0
0,0.4694945203336829,0
0,0.49152380008126784,1
0,0.3453687243581953,0
0,0.33282118747411005,0
0,0.28313363747111,0
0,0.2481183168492862,0
0,0.3736808183875837,0
0,0.23487074919648876,0
0,0.2550516474802862,0
0,0.43098868739252794,0
0,0.07934812791245349,0
0,0.18986852369744156,0
0,0.20504391132635646,0
0,0.5013261951662571,1
0,0.21876334940134257,0
0,0.4054466182442411,0
0,0.18814014843519544,0
0,0.4850388555369136,1
0,0.4429318395705195,0
0,0.4208177587188402,0
0,0.5483018461291067,1
0,0.5066049616852979,1
0,0.48678619030215486,1
0,0.42123117966912105,0
0,0.14298196672825725,0
0,0.2507360987492575,0
0,0.07113042323362606,0
0,0.41628605523692386,0
0,0.23331452140155307,0
0,0.28716154553148954,0
0,0.19081466513307532,0
0,0.281175395617538,0
0,0.2362005924242112,0
0,0.5264475668973319,1
0,0.3859577166767849,0
0,0.5072873196804721,1
0,0.32536324735337985,0
0,0.3590059803209442,0
0,0.43773935229000926,0
0,0.2890538564588496,0
0,0.34065799795280327,0
0,0.4637685006691754,0
0,0.334747566965234,0
0,0.4532622491442453,0
0,0.4083164698386099,0
0,0.35000721854521544,0
0,0.5008614743383077,1
0,0.0819726182744489,0
0,0.14784511026846303,0
0,0.3846002796508401,0
0,0.24076563963353692,0
0,0.4688826954443357,0
0,0.45259759322652826,0
0,0.26461342040784075,0
0,0.2127345137341763,0
0,0.2735821595433663,0
0,0.3838228727981914,0
0,0.06904120102262823,0
0,0.3235704858270765,0
0,0.23892188732315844,0
0,0.21887181206147943,0
0,0.3859841869907541,0
0,0.22443946196653997,0
0,0.2869448891378852,0
0,0.21658607513199968,0
0,0.20798756803924334,0
0,0.035519158245733706,0
0,0.36192041392132523,0
0,0.6374097574516782,1
0,0.27854662170466327,0
0,0.45376929562189616,0
0,0.23813979146871134,0
0,0.5018820742880052,1
1,0.44599954296063515,0
0,0.5130840026104124,1
0,0.33413641497645585,0
0,0.12078879321234126,0
0,0.16827458144143748,0
0,0.17068635163195722,0
0,0.4962118889288831,1
0,0.23781550904823234,0
0,0.28108069416703074,0
0,0.2121802165875124,0
0,0.34501968158292584,0
0,0.366227116992377,0
0,0.34743920476103085,0
0,0.50118275627392,1
0,0.31577549455323606,0
0,0.15889415853416722,0
0,0.147761842717955,0
0,0.2858040810624516,0
0,0.23112195962494297,0
0,0.4653428273686586,0
0,0.49815961594867986,1
0,0.24973751536708733,0
0,0.21080556448214338,0
0,0.14217407101205026,0
0,0.23667209637096676,0
1,0.5136229919917241,1
1,0.48625134329267894,1
0,0.4036726079593791,0
0,0.32753194956057996,0
0,0.39042365844579763,0
0,0.14320508539458388,0
0,0.26559241483482765,0
0,0.3259501947904937,0
0,0.14710038301382156,0
0,0.26229458281341067,0
0,0.2504205503009871,0
0,0.5072435460297129,1
0,0.3498716724025144,0
0,0.20983572829754848,0
0,0.1588565206820931,0
0,0.3326637219488475,0
0,0.38668244357177173,0
0,0.4231532963040081,0
0,0.33818049010551476,0
0,0.2852251871554472,0
0,0.2353521210661711,0
0,0.2972230258383206,0
0,0.39948261548852315,0
0,0.507589792528961,1
0,0.3420214017787657,0
0,0.3855391172273812,0
0,0.24311254303211172,0
0,0.2890949333614117,0
0,0.19185756118167774,0
0,0.4345449827305856,0
0,0.20037437769133248,0
0,0.22259198969913996,0
0,0.39913084338513727,0
0,0.2727736916349386,0
0,0.4609112905109214,0
0,0.3744961920147034,0
0,0.34690587402110395,0
0,0.26090463193941105,0
0,0.1733572953071416,0
0,0.4696219642246433,0
0,0.5029919365333626,1
0,0.21940125440050906,0
0,0.35757220276900625,0
0,0.265403563835207,0
0,0.22070052729759482,0
0,0.351221253089534,0
0,0.2583097181377525,0
0,0.32479954678638023,0
0,0.4125037665671698,0
0,0.4751457626298361,0
0,0.2725772045341728,0
0,0.24269366948101379,0
0,0.2846157794501778,0
0,0.09053875940662692,0
0,0.2792386863839056,0
0,0.21334676739024871,0
0,0.09234645723699941,0
0,0.329110917291473,0
0,0.2597676331297407,0
0,0.3941416947309335,0
0,0.36764459607911704,0
0,0.10804101714165881,0
0,0.5464065000833216,1
0,0.4137393159799103,0
0,0.22803073040449817,0
0,0.19878808695284533,0
0,0.40141362229587685,0
0,0.3799616087744653,0
0,0.20565865185926668,0
0,0.2882827073572116,0
0,0.07639404167457542,0
0,0.038109795832497184,0
0,0.09663221361370233,0
0,0.29963121581749874,0
0,0.20578829829719325,0
0,0.4334017098881304,0
0,0.47074231506667275,0
0,0.15822940156431287,0
0,0.2556941637158161,0
0,0.4027601497800788,0
0,0.4937183311685658,1
0,0.4836197295189777,0
0,0.2712315178487188,0
0,0.3237152224792226,0
0,0.42194244087295374,0
0,0.4806511345650506,0
0,0.49694309632104705,1
0,0.5231142182583426,1
0,0.41907866769361135,0
0,0.5170743536855298,1
0,0.5099575040476338,1
0,0.46266898513931665,0
0,0.3576917627451621,0
0,0.4085371551736898,0
0,0.29376477685946156,0
0,0.36520772644689714,0
0,0.49929399741085945,1
0,0.25033084724600485,0
0,0.2312911033968703,0
0,0.23310936396956095,0
0,0.2528396305606293,0
0,0.22115424080220691,0
0,0.456473202617417,0
0,0.21739391878691094,0
0,0.31434728630301834,0
0,0.1197292585275136,0
0,0.19140992627944797,0
0,0.054449899113024,0
0,0.24031281949464756,0
0,0.5270628735524951,1
0,0.10327612738001335,0
0,0.35717521652077266,0
0,0.1473408856181777,0
0,0.4406474404877372,0
0,0.2208672307897359,0
0,0.12934474915164174,0
0,0.21515353104950918,0
0,0.3954339762512973,0
0,0.2504741898046632,0
0,0.42253258215532696,0
0,0.3238966107765009,0
0,0.15074898842976836,0
0,0.5075784929795191,1
0,0.5270157862614724,1
0,0.17685488465394883,0
0,0.24844467586262908,0
0,0.2961554015837464,0
0,0.20461255242844345,0
0,0.46881304197268037,0
0,0.2551697692470043,0
0,0.35286086931046157,0
0,0.22861723689857172,0
0,0.32658363132395607,0
0,0.0941640193141211,0
0,0.07358883809865802,0
0,0.1351533553443005,0
0,0.46430276676073845,0
0,0.2541546875927452,0
0,0.3895721926819533,0
0,0.060579718734516064,0
0,0.387373045368804,0
0,0.4229144831042504,0
0,0.5215652856841189,1
0,0.43565965508787485,0
0,0.21740409018457285,0
0,0.4837399931020627,0
0,0.3489561013302591,0
0,0.24473854262032546,0
0,0.48530833292716125,1
0,0.4955608309919626,1
0,0.4066954688332771,0
0,0.2860018030714855,0
0,0.22185971212275035,0
0,0.2584701344858331,0
0,0.14272667637851555,0
0,0.43749979619497026,0
0,0.25739079002414655,0
0,0.28735314769801334,0
0,0.1676425186524284,0
0,0.11154238319795695,0
0,0.09252954877410957,0
0,0.43664348809943476,0
0,0.44681324043085624,0
0,0.5246052549537126,1
0,0.10570723068849475,0
0,0.4571311122235784,0
0,0.2906260113504686,0
0,0.3017635956075537,0
0,0.18079860677062243,0
0,0.4646289368811267,0
0,0.16706090416664665,0
0,0.23294243461896258,0
0,0.4572103224527382,0
0,0.059855228715605335,0
0,0.1840064433781663,0
0,0.27853877886263945,0
0,0.49180474854620115,1
0,0.3955361705411633,0
0,0.23576844175295264,0
0,0.07871328603869188,0
0,0.49658577511581825,1
0,0.2543280126683385,0
0,0.19255988122131384,0
0,0.5039318125018326,1
0,0.3974726949709293,0
0,0.4822879286202806,0
0,0.5143103836926457,1
0,0.3837247002902586,0
0,0.3940317679698637,0
0,0.4297504822843621,0
0,0.48529158299243136,1
0,0.36841900718536635,0
1,0.5825408458840684,1
0,0.22721514426484646,0
0,0.11025831702863798,0
0,0.31040291719546076,0
0,0.38457897165244503,0
0,0.3743144694926741,0
0,0.4662524068589846,0
0,0.4515176048371359,0
0,0.28296345144190127,0
0,0.3378270387856901,0
0,0.47990783374734747,0
0,0.4049771891332057,0
0,0.22003059711096284,0
0,0.2071854121677461,0
0,0.41114354268029274,0
0,0.23869565492532274,0
0,0.2975702756884857,0
0,0.2301833811088727,0
0,0.395775432982191,0
0,0.36338357779823127,0
0,0.2993800102176465,0
0,0.45674068003609136,0
0,0.20933042747492436,0
0,0.22495779646123992,0
0,0.3192820937347278,0
0,0.3194375245802803,0
0,0.4870206704345037,1
0,0.2812797066762869,0
0,0.21791709564786288,0
0,0.23216237411361362,0
0,0.40072665504521865,0
0,0.491706793254707,1
0,0.4671168393451808,0
0,0.25006776525879104,0
0,0.27287703219917603,0
0,0.1984980735815043,0
0,0.11689068488885823,0
0,0.2673686756661482,0
0,0.16133822295887512,0
0,0.21897394575353246,0
0,0.4989867471722391,1
0,0.29504858373729803,0
0,0.48312435067782644,0
0,0.3759121890016104,0
0,0.3573815516629111,0
0,0.3636733203602489,0
0,0.4395401109213708,0
0,0.4729461171391449,0
0,0.398248977791809,0
0,0.4193262386997958,0
0,0.4956935222417087,1
0,0.26770310186839197,0
0,0.2171119464073854,0
0,0.26967327105012373,0
0,0.4926008074253332,1
0,0.2299002524887328,0
0,0.35457642030632996,0
0,0.30989877940010047,0
0,0.5541499667360767,1
0,0.31850823044260324,0
0,0.45116601419977087,0
0,0.13059826921016793,0
0,0.22842186685011256,0
0,0.39470886171329767,0
0,0.24799857742073073,0
0,0.4151074174405949,0
0,0.49612772758518986,1
0,0.4240206502508954,0
0,0.4156941938945238,0
0,0.5674947445786529,1
0,0.35426841821208654,0
0,0.48258683742096764,0
0,0.23338049623453117,0
0,0.4211022349754785,0
0,0.40320723745026044,0
0,0.19939371782311355,0
0,0.29272694384053466,0
0,0.285865590447429,0
0,0.421832953035846,0
0,0.5203158542299207,1
0,0.2852980834340997,0
0,0.5270459170278627,1
0,0.5009595534429536,1
0,0.24488594652757456,0
0,0.39215837103984086,0
0,0.3808235308551957,0
0,0.3186492994936998,0
0,0.23489252575927821,0
0,0.42508564076706534,0
0,0.37417674108473875,0
0,0.5070026399062044,1
0,0.23688762014171516,0
0,0.22804740759602282,0
0,0.24715195968019543,0
0,0.16644775468012085,0
0,0.2309346075890062,0
0,0.3255223423748248,0
0,0.15461447530105943,0
0,0.26594105302319804,0
0,0.24249613745814713,0
0,0.46177919329784345,0
0,0.26955347313923994,0
0,0.1660349848898477,0
0,0.3741431691996695,0
0,0.3975734222203755,0
0,0.42664128682372393,0
0,0.20779593159386422,0
0,0.1465316343383165,0
0,0.24037958977896778,0
0,0.49898260821828444,1
0,0.16018023382457613,0
0,0.21619738688787038,0
0,0.4890674478992878,1
0,0.4757819324822776,0
0,0.2784359640572802,0
0,0.19386430803569965,0
0,0.4984484843098471,1
0,0.4396593118326564,0
0,0.328295144432559,0
0,0.14455863604416663,0
0,0.19212546201197256,0
0,0.25816903008490044,0
0,0.4598361700482201,0
0,0.21140529158401478,0
0,0.23964445092315145,0
0,0.4377118309694197,0
0,0.3292098664351215,0
0,0.3561791291285772,0
0,0.4236370366288611,0
0,0.3297260711751733,0
0,0.2248769149882719,0
0,0.24994887917455344,0
0,0.4968308508505288,1
0,0.1288790468879597,0
0,0.19745459475416283,0
0,0.21057899240622646,0
0,0.2549567934293009,0
0,0.10133853418847139,0
0,0.351094695750362,0
0,0.2591019726241939,0
0,0.21983201022703724,0
0,0.4524343221928575,0
0,0.2307191301988496,0
0,0.27070200618072704,0
0,0.5127498116089555,1
0,0.17003795514938247,0
0,0.2573835236562445,0
0,0.256765606776753,0
0,0.28416430116158153,0
0,0.441837153482993,0
0,0.17414022046432365,0
0,0.22052024226650246,0
0,0.15870824645389803,0
0,0.21114560317982978,0
0,0.20499762672807265,0
0,0.5140845485366299,1
0,0.25930784515003324,0
0,0.16526090377556102,0
0,0.06787457304926647,0
0,0.19742106102057733,0
0,0.3855375661751168,0
0,0.2592934318981861,0
0,0.18050887956087536,0
0,0.5003554539507604,1
0,0.19032388033156167,0
0,0.09245673664918286,0
0,0.12551792786143778,0
0,0.0886486035087728,0
0,0.35135896985957515,0
0,0.3000981396089628,0
0,0.17331385043871705,0
0,0.4849247329439095,1
0,0.21212158942216774,0
0,0.1384453916198254,0
0,0.13456908916850807,0
0,0.1774337910756003,0
0,0.17746165530661528,0
0,0.16851790914370213,0
0,0.09939074219073518,0
0,0.5272173884495714,1
0,0.15921174526920367,0
0,0.2371983167977305,0
0,0.49138718688664085,1
0,0.29908682682798826,0
0,0.3387462702830817,0
0,0.21457597932385397,0
0,0.2932758588340221,0
0,0.24904361270819209,0
0,0.5203885986338719,1
0,0.2285710117630515,0
0,0.17449899339590047,0
0,0.20863462705347047,0
0,0.18678583975633956,0
0,0.2309499330658582,0
0,0.17848351682187058,0
0,0.06289383716648445,0
0,0.2712008024609531,0
0,0.4278040215631336,0
0,0.2972359764207795,0
0,0.11794875017767481,0
0,0.21548840016839677,0
0,0.24783424683482735,0
0,0.19822334300806688,0
0,0.24904711087765463,0
0,0.40148087101624697,0
0,0.27805724526842823,0
0,0.1998133529232291,0
0,0.21878118541462754,0
0,0.24755722665759095,0
0,0.3088464323136577,0
0,0.16998895610959153,0
0,0.15688989604313974,0
0,0.33484092812977906,0
0,0.4686464279438951,0
0,0.3013756532291154,0
0,0.16148505325327278,0
0,0.43503689748831675,0
0,0.3972946542453428,0
0,0.45308290118373407,0
0,0.23828582289388578,0
0,0.18443920888421417,0
0,0.20159350449648628,0
0,0.3438138592264295,0
0,0.18896234210114926,0
0,0.26495585774682695,0
0,0.26378872386339935,0
0,0.39126907194804517,0
0,0.2689707242388977,0
0,0.26785005171950615,0
0,0.2205967667796358,0
0,0.22574766120669665,0
0,0.5359482766943984,1
0,0.19290244957119285,0
0,0.2470316913440911,0
0,0.14350060112519714,0
0,0.291778933698879,0
0,0.16203440983190376,0
0,0.14020416243329237,0
0,0.263119433178872,0
0,0.4227254013167112,0
0,0.11303746609883092,0
0,0.10628090916543442,0
0,0.22150621087166655,0
0,0.414016123591864,0
0,0.2684809571092046,0
0,0.23513727738099988,0
0,0.21462514501763508,0
0,0.18879179798932455,0
0,0.3117460126468359,0
0,0.435697090200847,0
0,0.3064958820814354,0
0,0.06100544252512918,0
0,0.22624434767203638,0
0,0.18313182423480612,0
0,0.11789307896287937,0
0,0.23387963389541255,0
0,0.1268840854136215,0
0,0.216615819152139,0
0,0.3975131675360899,0
0,0.3096211500815116,0
0,0.4834066571729636,0
0,0.49163744223551475,1
0,0.24705266425007721,0
0,0.038575700840738136,0
0,0.22550522842539067,0
0,0.20266245120910753,0
0,0.45186625851056306,0
0,0.11339270913413202,0
0,0.1567603756157041,0
0,0.24850305804829986,0
0,0.3027127805889904,0
0,0.37738331066248065,0
0,0.2784186291737569,0
0,0.44203710674446484,0
0,0.2985236350905325,0
0,0.22771002652007155,0
0,0.3543687693309039,0
0,0.23509187551098876,0
0,0.4619803332025185,0
0,0.46942065154144075,0
0,0.2756104150612373,0
0,0.19737376979537657,0
0,0.26736943875403085,0
0,0.14086569787286862,0
0,0.21500725054647774,0
0,0.2527647418955894,0
0,0.25880621831493045,0
0,0.18214554394398874,0
0,0.3051678750089195,0
0,0.4710799350414163,0
0,0.2518613357860886,0
0,0.22381911734555615,0
0,0.33750271543249255,0
0,0.08019495089138218,0
0,0.06437566646854975,0
0,0.14157382172561483,0
0,0.1466547974578134,0
0,0.15007259775484272,0
0,0.2482558463307214,0
0,0.2130286137762596,0
0,0.24436831847015128,0
0,0.15846271286864066,0
0,0.1436519629387476,0
0,0.29456084173398267,0
0,0.27301208604512794,0
0,0.2546468145064864,0
0,0.1864585875919147,0
0,0.20658526910665387,0
0,0.22821227604799788,0
0,0.25225252086784167,0
0,0.24880689110068488,0
0,0.21735257638465555,0
0,0.24081865353400644,0
0,0.24747322992152476,0
0,0.19573877176117094,0
0,0.4123254464866477,0
0,0.19941713178923237,0
0,0.2544514776618598,0
0,0.17871465445568901,0
0,0.2575664162195608,0
0,0.26869047928812506,0
0,0.23126938780296769,0
0,0.20344661101626116,0
0,0.2875980874759989,0
0,0.3528303056391451,0
0,0.3083024047991785,0
0,0.5151731793393992,1
0,0.29174321051687,0
0,0.4527152547125297,0
0,0.23367942221375415,0
0,0.2407328979788872,0
0,0.24895226734042808,0
0,0.12106986596700153,0
0,0.33083079059906595,0
0,0.1893831611287169,0
0,0.19614343207831553,0
0,0.4493556500929117,0
0,0.4814219312120258,0
0,0.3963815686147427,0
0,0.26072109979213565,0
0,0.2589612461033539,0
0,0.49058663637151767,1
0,0.29526783724941197,0
0,0.10456209161020524,0
0,0.39089347229673876,0
0,0.384686023935501,0
0,0.32802912609076884,0
0,0.2794876533844217,0
0,0.5001646622185945,1
0,0.502724391684751,1
0,0.14916188940878783,0
0,0.5062807883914502,1
0,0.5528355639362417,1
0,0.10596004264698422,0
0,0.2576417958844104,0
0,0.25775030679687916,0
0,0.2580691512557678,0
0,0.2586763657582196,0
0,0.2588765996370057,0
0,0.2604971790096897,0
0,0.2609533207341883,0
0,0.26365822692605434,0
0,0.269566563250919,0
0,0.27081453910614073,0
0,0.27118406848785526,0
0,0.27583311104535824,0
0,0.293012627544158,0
0,0.30538881740176294,0
0,0.31147072862586356,0
0,0.3405191374786227,0
0,0.34072279603788047,0
0,0.3504623861372238,0
0,0.35340468588037766,0
0,0.354198746235852,0
0,0.3633155795123457,0
0,0.3634954967728845,0
0,0.36443429322935117,0
0,0.3648668408513913,0
0,0.3649322782730451,0
0,0.3658178395071445,0
0,0.36760984020656906,0
0,0.36905574135744246,0
0,0.3699218150704837,0
0,0.36998336200849735,0
0,0.3748279320607253,0
0,0.3778686387013295,0
0,0.3807268286764156,0
0,0.38155408744751185,0
0,0.38291550249232387,0
0,0.40134087618753256,0
0,0.4123734079348651,0
0,0.42015107856786926,0
0,0.4223919191153982,0
0,0.4224670559706283,0
0,0.4306105874147761,0
0,0.4393819531705958,0
0,0.45717633950516756,0
0,0.46640091794870386,0
0,0.4673883305367781,0
0,0.4700021956105047,0
0,0.4753423672009376,0
0,0.47668853184404725,0
0,0.4771796405184432,0
0,0.47743881773931207,0
0,0.4844362138392171,1
0,0.48625445710240456,1
0,0.48685835168180347,1
0,0.4875044415493903,1
0,0.4895646144832426,1
0,0.4925523701385828,1
0,0.4928395659189846,1
0,0.49810435635481554,1
0,0.5008604837003077,1
0,0.5108495782751561,1
0,0.5116031553243374,1
0,0.5140830700402148,1
0,0.5147049833140045,1
0,0.07259115746455791,0
0,0.3789559872220707,0
0,0.3254279321317881,0
0,0.40611158740284736,0
0,0.36095690751426446,0
0,0.4491359086387092,0
0,0.1454788704340899,0
0,0.41571213906536286,0
0,0.04116337976483919,0
0,0.5212048088069423,1
0,0.33198546610583435,0
0,0.3847604549682728,0
0,0.2102125147030165,0
0,0.234976315883614,0
0,0.5118773001995578,1
0,0.506806031369706,1
0,0.32078905436355853,0
0,0.2782511424375116,0
0,0.49288459371746285,1
0,0.06824492361010925,0
0,0.2577718677421217,0
0,0.2865325367292826,0
0,0.04452860238052381,0
0,0.45899178051513445,0
0,0.18597766553102701,0
0,0.17920650535415916,0
0,0.425295074848691,0
0,0.2964507621782104,0
0,0.07491612107151013,0
0,0.4057931564057071,0
0,0.2993947631894116,0
0,0.4102614503935911,0
0,0.44511505868103995,0
0,0.46695721794094425,0
0,0.052165648272421095,0
0,0.055752458349161316,0
0,0.35392335684264253,0
0,0.2589942870181403,0
0,0.166173106921633,0
0,0.33697054269396176,0
0,0.23486607125050796,0
0,0.4549383354369638,0
0,0.4337524996026332,0
0,0.46557680242949573,0
0,0.2624594371627609,0
0,0.26732123890724324,0
0,0.23062759350978013,0
0,0.5072244898619829,1
0,0.4082889167639223,0
0,0.39187236948237114,0
0,0.3868477581963816,0
0,0.34012778625219653,0
0,0.48367129181860946,0
0,0.3589644152998517,0
0,0.0805174480919959,0
0,0.47471613271954993,0
0,0.20604507987445686,0
0,0.390915567328193,0
0,0.4931943986721308,1
0,0.4689048420441395,0
0,0.47836973015000694,0
0,0.4222833083040314,0
0,0.3816580510356289,0
0,0.20267972583314986,0
0,0.11039469537718105,0
0,0.07975202006855397,0
0,0.17956232810138317,0
0,0.1959453405397653,0
0,0.07701069733229815,0
0,0.43916334230925713,0
0,0.24290411930451228,0
0,0.27014011116443726,0
0,0.4223830172941234,0
0,0.401826226954654,0
0,0.2020411906978552,0
0,0.19881190787964442,0
0,0.15158787927066442,0
0,0.2748780997862923,0
0,0.05151863454739214,0
0,0.4095131874728395,0
0,0.4895347987767309,1
0,0.41979100558637583,0
0,0.3114642886448564,0
0,0.3245144164247904,0
0,0.21737386661334313,0
0,0.5283158123256726,1
0,0.42917811818188056,0
0,0.32870883860414324,0
0,0.41221895506532746,0
0,0.34885631123142957,0
0,0.22760609992838,0
0,0.4600505515682016,0
0,0.19192308655692614,0
0,0.08447976104616828,0
0,0.09878468832903309,0
0,0.4852575357635942,1
0,0.24739731191766623,0
0,0.11137628623873752,0
0,0.35525378833699506,0
0,0.5163182189007784,1
0,0.5016770758211351,1
0,0.3350440801732475,0
0,0.12370852275489597,0
0,0.23016807725070976,0
0,0.3024187692262785,0
0,0.3970135050985846,0
0,0.5186191282718937,1
0,0.5309427152187709,1
0,0.37617943978330004,0
0,0.22106286569760414,0
0,0.4326752096640121,0
0,0.48852516354781983,1
0,0.24867286272638012,0
0,0.33072047162750096,0
0,0.36424352722133335,0
0,0.10365158704371424,0
0,0.4789968602472072,0
0,0.31312002932645555,0
0,0.3158743141048035,0
0,0.27625493084087793,0
0,0.20277929430812947,0
0,0.3484583991485124,0
0,0.09695743148040492,0
0,0.2934737839477748,0
0,0.31904830436906195,0
0,0.2622547510545701,0
0,0.4685176771708939,0
0,0.46454285378786153,0
0,0.28045348337218456,0
0,0.1820737789857958,0
0,0.16480528645115555,0
0,0.339219482806584,0
0,0.19383718442622921,0
0,0.1569490706151555,0
0,0.12005804447289847,0
0,0.35827438688647817,0
0,0.16028271545656025,0
0,0.18653246404028323,0
0,0.14775466987157415,0
0,0.4754069896898727,0
0,0.02718440709031711,0
0,0.43511832501826575,0
0,0.5269845272996463,1
0,0.4961407636074,1
0,0.40611032249034906,0
0,0.33334679156178026,0
0,0.43572166184276284,0
0,0.04418672169413185,0
0,0.19983181304269237,0
0,0.5127248660028272,1
0,0.3484860486278194,0
0,0.19988565612402454,0
0,0.18849266130564502,0
0,0.4241776693324937,0
0,0.43002545909075707,0
0,0.27988213012213237,0
0,0.055298156639764784,0
0,0.4172077214152523,0
0,0.5096769140000106,1
0,0.4049984735374892,0
0,0.5609893970467965,1
0,0.2178267564795533,0
0,0.47643730941126705,0
0,0.42073807833912724,0
0,0.3015868606908043,0
0,0.4634520796917059,0
0,0.3499301650754205,0
0,0.45230228938817163,0
0,0.27095757722963754,0
0,0.4383651701755298,0
0,0.3235554229377158,0
0,0.4805792878523789,0
0,0.1751869688341685,0
0,0.44791652716958197,0
0,0.25996733221472823,0
0,0.47418284160994517,0
0,0.3946380451652658,0
0,0.3019676110925502,0
0,0.4089187738227338,0
0,0.48094083991054504,0
0,0.24487009278709593,0
0,0.45996689602361585,0
0,0.5371360102180915,1
0,0.18869219899715972,0
0,0.11352159152193053,0
0,0.04917130838657613,0
0,0.23385317277279682,0
0,0.21863659939481295,0
0,0.2683816847784328,0
0,0.4492487106235785,0
0,0.41675752221817675,0
0,0.47142930124755367,0
0,0.3854192231046909,0
0,0.2909300950159377,0
0,0.3670136026212276,0
0,0.1035688414285687,0
0,0.238151411203944,0
0,0.3714129199870513,0
0,0.37171835320987157,0
0,0.44839703990692215,0
0,0.3450589076965116,0
0,0.23438892093327013,0
0,0.44549755921252654,0
0,0.2920829301874619,0
0,0.46242566270120733,0
0,0.28673729923502833,0
0,0.4958930722277728,1
0,0.3419746268682502,0
0,0.35178202087081445,0
0,0.2892466670800786,0
0,0.4794816193061706,0
0,0.39548856453984627,0
0,0.34682435594186245,0
0,0.33568078773168963,0
0,0.38268614597109263,0
0,0.4811514418943261,0
0,0.25765300512648537,0
0,0.3829443220674875,0
0,0.4139317150275019,0
0,0.471515475464912,0
0,0.443691789479999,0
0,0.47040763367658656,0
0,0.22557761344251048,0
0,0.18335881194616377,0
0,0.49151946143319947,1
0,0.48418869160195754,1
0,0.53332612691338,1
0,0.24153866312190075,0
0,0.5173591103284707,1
0,0.12532964394449664,0
0,0.31196643513249,0
0,0.46391845667676535,0
0,0.4462957169289439,0
0,0.4673780294979224,0
0,0.38602729284502857,0
0,0.26941476873071224,0
0,0.3091415639119077,0
0,0.2521774302185804,0
0,0.26019532129066647,0
0,0.3023240047677973,0
0,0.3091613763226633,0
0,0.24032278532286,0
0,0.22507000564291957,0
0,0.23349266771401744,0
0,0.12616348462142923,0
0,0.54739712749506,1
0,0.40817324633280805,0
0,0.30794859305024147,0
0,0.4841621811119694,1
0,0.32176122280725394,0
0,0.449214032430973,0
0,0.46164063030300895,0
0,0.23005024866870372,0
0,0.4401522227581154,0
0,0.44962575271893,0
0,0.5481452523872576,1
0,0.2531759863068146,0
0,0.42742560565602616,0
0,0.2718505204447865,0
0,0.39466564195572573,0
0,0.1215675295843539,0
0,0.24514342530164868,0
0,0.2077900936583319,0
0,0.3854616745138628,0
0,0.38920256092751515,0
0,0.36258377063313674,0
0,0.4590398416239623,0
0,0.21493066032417119,0
0,0.46055860959677375,0
0,0.24092975174244202,0
0,0.21536370362809976,0
0,0.2825029329105746,0
0,0.3285781814465736,0
0,0.42693097366645816,0
0,0.36416506183013553,0
0,0.07362843228656857,0
0,0.4377239869809273,0
0,0.3059344216835598,0
0,0.23396714772570704,0
0,0.43881855313702545,0
0,0.3809320749478502,0
0,0.26673772490539704,0
0,0.10020884396362817,0
0,0.15374162292209803,0
0,0.2763016211647482,0
0,0.5346757031602465,1
0,0.30771270289915265,0
0,0.22165427920299408,0
0,0.32549143240794365,0
0,0.30708390471409075,0
0,0.2650848791708995,0
0,0.26682129069922667,0
0,0.4870359562610247,1
0,0.1489958265756286,0
0,0.14075557302385278,0
0,0.3820872335600143,0
0,0.256437188025302,0
0,0.40018550384229457,0
0,0.24331689242535504,0
0,0.20071506473504996,0
0,0.2715293717028544,0
0,0.4275639662555477,0
0,0.07846336743932625,0
0,0.21735992815956706,0
0,0.2656710956216557,0
0,0.37152626968963887,0
0,0.31226409589544346,0
0,0.42345160905097146,0
0,0.3845318970124936,0
0,0.14984780552367738,0
0,0.33463768877300026,0
0,0.3805815988489485,0
0,0.5196042308907636,1
0,0.43249138025385037,0
0,0.26250652660019114,0
0,0.1590110158740572,0
1,0.37430800316360546,0
0,0.21162358077526733,0
0,0.08342243810329819,0
0,0.08758531752391718,0
0,0.08902000179114111,0
0,0.3649891838631447,0
0,0.25732215782227286,0
0,0.23941903778541018,0
0,0.4747587927904533,0
0,0.4131199010334967,0
0,0.2476648546398792,0
0,0.12333378812036244,0
0,0.3641534331745788,0
0,0.5496813435966033,1
0,0.4728497262312885,0
0,0.07572067045839503,0
0,0.22114809807135316,0
0,0.3395960422276403,0
0,0.10766442202111648,0
0,0.10742560266044165,0
0,0.327302128991505,0
0,0.41159460592280084,0
0,0.38131134195646155,0
0,0.37641356887615984,0
0,0.24147557561991562,0
0,0.3789995441202336,0
0,0.08206902690108109,0
0,0.2815428578360297,0
0,0.39553143246848776,0
0,0.1652090382813185,0
0,0.24725807279537548,0
0,0.45704127700446406,0
0,0.4478044392908487,0
0,0.2257902724941232,0
0,0.4289262813072128,0
0,0.3568313041469082,0
0,0.35707409307906346,0
0,0.057884161000401946,0
0,0.2530862258736306,0
0,0.37634732048172737,0
0,0.4944300392653531,1
0,0.2340049027607165,0
0,0.2254284668015316,0
0,0.33738405300209706,0
0,0.3990792999484256,0
0,0.43252288020812557,0
0,0.29373941109770385,0
0,0.2909782606548106,0
0,0.2982636440792703,0
0,0.30212895934710104,0
0,0.30229933986629476,0
0,0.28932684587925905,0
0,0.2846355555939226,0
0,0.26750756507863116,0
0,0.259831202971327,0
0,0.2592500221235241,0
0,0.2565840894676512,0
0,0.2550888724254037,0
0,0.25399986929005536,0
0,0.2534462412331777,0
0,0.2527429811307229,0
0,0.25244173802639125,0
0,0.2522138487511256,0
0,0.24652741264071665,0
0,0.23512556363675685,0
0,0.23350350020518817,0
0,0.2279657952949492,0
0,0.2246970606611285,0
0,0.21928313632815843,0
0,0.21686458288422727,0
0,0.20864681244529493,0
0,0.14664643957075896,0
0,0.13377179892086133,0
0,0.07135971325806167,0
0,0.06948194395954488,0
0,0.06585965005797334,0
0,0.06366192726818554,0
0,0.060045904443541076,0
0,0.058133826503762975,0
0,0.05602753184211906,0
0,0.054700800368664204,0
0,0.05153005654210574,0
0,0.052279742933023954,0
0,0.405971509137089,0
0,0.2335555887893861,0
0,0.45753340004375787,0
0,0.23969510736787925,0
0,0.44766237805379205,0
0,0.4435690584323311,0
0,0.45782586928180535,0
0,0.4133920869226131,0
0,0.4302372135589394,0
0,0.4764872601899697,0
0,0.4709111743559333,0
0,0.49832429650814447,1
0,0.49910300908049976,1
0,0.4221357123878988,0
0,0.2675086938597815,0
0,0.31987677984216134,0
0,0.3566876056192996,0
0,0.43952375350090733,0
0,0.3871319141726417,0
0,0.4738113280691323,0
0,0.4505896476784983,0
0,0.4450482364263735,0
0,0.32864995531235763,0
0,0.2511267292047705,0
0,0.4739802524672996,0
0,0.3270051169620274,0
0,0.276459197360964,0
0,0.4302681908793602,0
0,0.512276252364245,1
0,0.2012167770844826,0
0,0.2804054256321251,0
0,0.34608653521900123,0
0,0.4314421282251715,0
0,0.155965182604632,0
0,0.0868149025227467,0
0,0.15714765721895674,0
0,0.10257643838122021,0
0,0.2818598463527451,0
0,0.26751983742724406,0
0,0.2321690709577524,0
0,0.2586477674303751,0
0,0.43426853469100024,0
0,0.4542204157824017,0
0,0.4498931236430508,0
0,0.32902693998403265,0
1,0.53917228201135,1
0,0.4804114866310556,0
0,0.5028310146881267,1
0,0.2118444136576727,0
0,0.03182748503058974,0
0,0.3440330843495758,0
0,0.44827225011795235,0
0,0.5132301524117793,1
0,0.47786103815997194,0
0,0.2598752344129025,0
0,0.47823389189943555,0
0,0.25508508409257047,0
0,0.4605353519837081,0
0,0.472336953105696,0
0,0.3697551476143417,0
0,0.3601878912268148,0
0,0.38234188254318724,0
0,0.14025391668656084,0
0,0.31204369501938345,0
0,0.41183413578619366,0
0,0.37602835319376027,0
0,0.38188382006228494,0
0,0.30265936710384267,0
0,0.2654489391752577,0
0,0.3740120816473791,0
0,0.373026412933541,0
0,0.2905907361964637,0
0,0.20968481397358119,0
0,0.3847049377491203,0
0,0.36071479350721347,0
0,0.3603279486651445,0
0,0.5055353222742269,1
0,0.49887079340260243,1
0,0.16462250911536103,0
0,0.36309509036072996,0
0,0.3849412373147061,0
0,0.24926103475445416,0
0,0.35588432286022,0
0,0.25883902025816496,0
0,0.2796175916591892,0
0,0.4290904537301685,0
0,0.3140937430780468,0
0,0.28911469818194746,0
0,0.09569470636233746,0
0,0.45591389722540043,0
0,0.3506292469573964,0
1,0.5343368866888341,1
0,0.2892454808770708,0
0,0.4687967461140943,0
0,0.18470031250762986,0
0,0.4552589885224734,0
0,0.48829197306804417,1
0,0.21896957035460218,0
0,0.15850899937504437,0
0,0.2334354437152797,0
0,0.17304383989903727,0
0,0.23763409790444712,0
0,0.13930854025966255,0
0,0.4610675173680647,0
0,0.39516717723745387,0
0,0.28109773667893023,0
0,0.15221873313748802,0
0,0.4911306190351752,1
0,0.3738302032015781,0
0,0.4341235774136294,0
0,0.4096072647444089,0
0,0.3557773897973675,0
0,0.3898796397315891,0
0,0.38625024286011467,0
0,0.4241253418076667,0
0,0.2241238618062198,0
0,0.48831900869299716,1
0,0.19709641498775454,0
0,0.08239059829065809,0
0,0.23601338667685923,0
0,0.5017088354543375,1
0,0.5033110754811787,1
0,0.39687918987146986,0
0,0.2021709877262765,0
0,0.1712634864361462,0
0,0.27326988451750367,0
0,0.3860016540456854,0
0,0.28395124795861193,0
0,0.43000940246201935,0
0,0.4816738322861056,0
0,0.48699407142157725,1
0,0.1684280332774506,0
0,0.25153819917250075,0
0,0.5350906545081671,1
0,0.30691958827446797,0
1,0.4780651769215183,0
0,0.2690659363997838,0
0,0.2923603802228172,0
0,0.40583526002956205,0
0,0.08235160918047768,0
0,0.10459866163182596,0
0,0.08567543850949733,0
0,0.12161872448814393,0
0,0.46806253077375004,0
0,0.3438470341370703,0
0,0.43556326326870476,0
0,0.4848902002995601,1
0,0.31171190605346055,0
0,0.23746187818869657,0
0,0.17967219896854658,0
0,0.35454357221715327,0
0,0.28225772592486464,0
0,0.44394564168396755,0
0,0.2445981497385219,0
0,0.38944257453113096,0
0,0.39052849774088827,0
0,0.4762876627719379,0
0,0.3660595682431449,0
0,0.44539788796100765,0
0,0.42507824686072126,0
0,0.532768910197774,1
0,0.49216960546618793,1
0,0.3629831628204556,0
0,0.2901545596159849,0
0,0.4493855838536547,0
0,0.26653208276547957,0
0,0.451504860246132,0
0,0.47167813263149583,0
0,0.3133029295531742,0
0,0.40872380868495384,0
0,0.36909852815733757,0
0,0.4943750972597627,1
0,0.34832347566771205,0
0,0.5072500861133449,1
0,0.37246472234255634,0
0,0.46483300950603734,0
0,0.09247584577678936,0
0,0.21594870850276493,0
0,0.5003067930301768,1
0,0.5409515956525865,1
0,0.3260239477676805,0
0,0.4556196538014774,0
0,0.34649106402139296,0
0,0.08173852250729396,0
0,0.42687795732490486,0
0,0.42864242836731137,0
0,0.46818741245078854,0
0,0.23736132888552675,0
0,0.42602825193534954,0
0,0.18507669699283724,0
0,0.4592008529125451,0
0,0.21258287301679957,0
0,0.380675810170942,0
0,0.30267254058162507,0
0,0.4293539698119275,0
0,0.3754413441511133,0
0,0.04628777544166951,0
0,0.37424408588958613,0
0,0.3742733162234799,0
0,0.4922867516797851,1
0,0.4253623680124292,0
0,0.4992506763046549,1
0,0.506286760997682,1
0,0.34057745485188207,0
0,0.3453481308733899,0
0,0.4983036951634858,1
0,0.48343865196329716,0
1,0.25154574978296296,0
1,0.47898488768078096,0
0,0.3779627198291564,0
0,0.5008982558356365,1
0,0.46740953737389646,0
0,0.34135379049803305,0
0,0.4775983427352912,0
0,0.18268936928143376,0
0,0.24502046979068837,0
0,0.49552087633128394,1
0,0.5546595957148384,1
0,0.33107695582111774,0
0,0.47926950859800854,0
0,0.3734731637996447,0
0,0.4797716407520056,0
1,0.5116686307919736,1
1,0.47825972720420395,0
0,0.34146257965039695,0
0,0.43462466249729914,0
0,0.4270300939315348,0
0,0.4092018660121539,0
0,0.45461029666148534,0
0,0.41845009123971977,0
0,0.3982673240279837,0
0,0.4597407571527583,0
0,0.16576528357290954,0
0,0.49195508921911824,1
0,0.4770815655738261,0
0,0.4726901482354151,0
0,0.5295859202378779,1
0,0.5177232092373742,1
0,0.4424400330935896,0
0,0.09069384249778523,0
0,0.5207909930140886,1
0,0.37933703820453957,0
0,0.5352561187755782,1
0,0.4344057389334921,0
0,0.24242257716832682,0
0,0.36295809042167093,0
0,0.4987036623097083,1
0,0.47685550708956725,0
0,0.5205729507997603,1
0,0.43640016126664705,0
0,0.46979910157278937,0
0,0.48632967815319716,1
0,0.23953300619177753,0
0,0.4460248371542548,0
0,0.4294002068982081,0
0,0.4683887321025395,0
0,0.09216414383263327,0
0,0.24597930505115073,0
0,0.02644075287753367,0
0,0.41838521589670563,0
0,0.3350754446055362,0
0,0.4679251094657957,0
0,0.4937103738939186,1
0,0.4993041804173117,1
0,0.4052042978928512,0
0,0.3556516757089412,0
1,0.5067470147023414,1
0,0.3759375478948641,0
0,0.3752106081228703,0
0,0.29668971073260764,0
0,0.21490496066508058,0
0,0.3601324602987006,0
0,0.4443885360196873,0
0,0.4158013045471307,0
1,0.5100601035774162,1
1,0.44585701861615235,0
0,0.48339879143713915,0
0,0.4610139829637774,0
0,0.4995780671633838,1
0,0.5405681488591654,1
0,0.392771474975234,0
0,0.4284104097150703,0
0,0.5384422440019989,1
0,0.4037695006973081,0
0,0.4490798522492696,0
0,0.4670054317030008,0
0,0.5501792126506189,1
0,0.24466950572605128,0
0,0.4295397469340969,0
0,0.38901596531650284,0
0,0.4329368159742444,0
0,0.3628726394617843,0
0,0.42672327265427157,0
0,0.5296517093574948,1
0,0.5004313614135754,1
0,0.26595987480322947,0
0,0.43813723661332915,0
0,0.41139434642900596,0
0,0.3690040559376939,0
0,0.44291494909521134,0
0,0.4998437820649997,1
0,0.49502799690526444,1
0,0.45231295451048936,0
0,0.5032905893713178,1
0,0.49004849934135564,1
0,0.487301181166913,1
0,0.505040905198257,1
0,0.37957540557181346,0
0,0.36425127568691096,0
0,0.48265521350731433,0
0,0.2849423076131643,0
0,0.432410478926613,0
0,0.5026757899304357,1
0,0.30059226160847174,0
0,0.10791923153919925,0
0,0.37519421163233346,0
0,0.5171916293420509,1
0,0.47808870177686913,0
0,0.5370478193544841,1
0,0.4964909742866439,1
0,0.3480183689553087,0
0,0.41148944295491674,0
0,0.520360032127428,1
0,0.3874385793678812,0
0,0.3266661208908772,0
0,0.4154925104103313,0
0,0.4193755214291741,0
0,0.46666924764213036,0
0,0.39506165475177113,0
0,0.47031858805712545,0
0,0.45320008897033404,0
0,0.48146505973454623,0
0,0.42883637965496746,0
0,0.4586587675039482,0
0,0.39613843932420423,0
0,0.4023450581680663,0
0,0.5269500631202391,1
0,0.4465690733577503,0
0,0.39866064919806377,0
0,0.4534043933472276,0
0,0.5193090512366325,1
0,0.5218483913540695,1
0,0.36822682063575485,0
0,0.4764173041785398,0
0,0.3912459644870978,0
0,0.5423051858124381,1
0,0.44980330646649236,0
0,0.28510109084891155,0
0,0.4691032469017955,0
0,0.46273566856507387,0
0,0.3045360465239355,0
0,0.4340340735834616,0
0,0.4281959441759682,0
0,0.49154786249891913,1
0,0.4740199887437484,0
0,0.3013127164722391,0
0,0.39907719017173804,0
0,0.4193747167355468,0
0,0.47340399655513465,0
0,0.4210740289745445,0
0,0.4246959374049766,0
0,0.5060094510117779,1
0,0.5001105957144318,1
0,0.44446028214952094,0
0,0.49149351786400075,1
0,0.4594124832419766,0
0,0.27133081586180197,0
0,0.4198950181089458,0
0,0.5023940716637298,1
0,0.4108935032127192,0
0,0.286837670551904,0
0,0.19576011770186597,0
0,0.36572958868418937,0
0,0.23504119010431168,0
0,0.5159285528843611,1
0,0.24399909859494073,0
1,0.5144161471744155,1
1,0.5094886698661867,1
0,0.4978756534819695,1
0,0.3766390188357036,0
0,0.31815670700598275,0
1,0.5083403716998873,1
0,0.28399037897725066,0
0,0.4874502025431866,1
0,0.4817981255691848,0
0,0.22114288679767924,0
0,0.233826339164807,0
0,0.13080199597425235,0
0,0.24333872921488364,0
0,0.4543390777798777,0
0,0.23698128046999045,0
0,0.08738082622585353,0
0,0.542205433228446,1
0,0.24083856509787438,0
0,0.46588187268935144,0
0,0.49162493760013604,1
0,0.2367979862337961,0
0,0.33484072720420954,0
0,0.36837154364184244,0
0,0.32279834434848453,0
0,0.5430860045380541,1
0,0.5010128094545507,1
0,0.2819434795746929,0
0,0.2685834060102934,0
0,0.3345709108943993,0
0,0.44057249528304965,0
0,0.4411299856928963,0
0,0.34750560084466997,0
0,0.2602390113497677,0
0,0.33941945334663615,0
0,0.094039961195449,0
0,0.06657626068590616,0
0,0.12207034416496754,0
0,0.13835509728414763,0
0,0.23074926986009814,0
0,0.1852632750851626,0
0,0.2764816748585872,0
0,0.21056502615465433,0
0,0.3166790700815909,0
0,0.4306637586141733,0
0,0.20468187239930558,0
1,0.5147402664642868,1
0,0.3916230742997868,0
0,0.20361746348862653,0
0,0.2811834528838517,0
0,0.10638609538364108,0
0,0.2496726209665212,0
0,0.5050733723346639,1
0,0.2265611060338415,0
1,0.5538095201845863,1
0,0.3698729899388127,0
0,0.1995653820122243,0
0,0.06269583776884247,0
0,0.4794910955570231,0
0,0.35175427867943654,0
0,0.40177696820683195,0
0,0.5578534011765441,1
0,0.4790252625789435,0
0,0.10890887600544374,0
0,0.3564057792264066,0
0,0.35359246368352615,0
0,0.07080593134014634,0
0,0.3691158023520984,0
0,0.4630110704620165,0
0,0.36209821977718093,0
0,0.33711887157915044,0
0,0.3746998127153347,0
0,0.4202936023448274,0
0,0.5029270892955537,1
0,0.44225495671162207,0
0,0.31890631591340934,0
0,0.34847578031622106,0
0,0.38377255813975353,0
0,0.3347195690639637,0
0,0.24838713692770398,0
0,0.1547936654278601,0
0,0.22395318705457612,0
0,0.5091352802610345,1
0,0.5025625719808886,1
0,0.1366187123585405,0
0,0.16597749552420282,0
0,0.30977961544886057,0
0,0.4297288335983467,0
0,0.24661094186194532,0
1,0.5093445292768592,1
0,0.5008617826479167,1
0,0.4908887143319589,1
0,0.2532021905390138,0
0,0.4575441188062541,0
0,0.3862975275806093,0
0,0.30325188041024376,0
1,0.48479163017327664,1
0,0.5035162331805623,1
0,0.5016280767631542,1
0,0.41138610289817734,0
0,0.5077992421156523,1
0,0.31264433143769566,0
0,0.09169644968642388,0
0,0.3365138677909272,0
0,0.2732650270463637,0
0,0.08802056252716284,0
0,0.42532920226040005,0
0,0.3090584464971471,0
0,0.1845710027264431,0
0,0.07289285119622946,0
0,0.2972755296559626,0
0,0.46968886130889587,0
0,0.3517069470435672,0
0,0.4760413186522783,0
0,0.2621958580275532,0
0,0.5246174410149251,1
0,0.12754477623275307,0
0,0.32343817909531936,0
0,0.2700802284289239,0
0,0.43076479815499624,0
0,0.3023084815049515,0
0,0.2863579273689538,0
0,0.43878222946295864,0
0,0.22794680027436698,0
0,0.3938941196738597,0
0,0.362678410287117,0
0,0.3840885955232807,0
0,0.4338096022420359,0
0,0.48713204709747515,1
0,0.47465212401220924,0
0,0.4690123788641358,0
0,0.4006289694480074,0
0,0.4639506234707369,0
0,0.4842072659612313,1
0,0.5150604495065636,1
0,0.29355844044766854,0
0,0.3303312943153287,0
0,0.31175972533492313,0
0,0.45663527599390363,0
0,0.4423754655945231,0
0,0.48304134243153385,0
0,0.4224100988540158,0
0,0.11079871923175233,0
0,0.4899351249932806,1
0,0.4083770436973282,0
0,0.43745751634196495,0
0,0.17692309373887838,0
0,0.1296468820582959,0
0,0.2909574941295432,0
0,0.43395565855826135,0
0,0.5164028041381243,1
0,0.44373599922982976,0
0,0.5308040349846124,1
0,0.3918301429512212,0
0,0.36055869489246106,0
0,0.45475812399672577,0
0,0.4540967007014842,0
0,0.2843943645930267,0
0,0.223358497787558,0
0,0.2181561707147921,0
0,0.4075246843167406,0
0,0.16010192985959293,0
0,0.5154066751292703,1
0,0.4551817305655277,0
0,0.4679192306830373,0
0,0.06203993416056619,0
0,0.2528049483389623,0
0,0.37993089712472283,0
0,0.10875206242053537,0
0,0.5229185806911119,1
0,0.48792025599504996,1
0,0.45246122532444133,0
0,0.417128705938012,0
0,0.5398366806402919,1
0,0.4621099937467079,0
0,0.43892621178747504,0
0,0.12139952411598642,0
1,0.48451398516772315,1
0,0.24390254270656442,0
0,0.4082377820923284,0
0,0.32469443049194524,0
0,0.3530199579799955,0
0,0.47671258603804745,0
0,0.2076542034446902,0
0,0.36778645769118157,0
0,0.446858511553728,0
0,0.5143483385490981,1
0,0.5554981237619359,1
0,0.05699597809143597,0
0,0.4677914614912879,0
0,0.5002857020663214,1
0,0.4976305958298326,1
0,0.2659087577085302,0
0,0.5444201203481498,1
0,0.4212686275568558,0
0,0.35200201609768555,0
0,0.49391224390274147,1
0,0.45479890597925987,0
0,0.22851557996182237,0
0,0.41753768415037484,0
0,0.4628895783553162,0
0,0.447469974960768,0
0,0.2332897924716235,0
0,0.3312122888764861,0
0,0.47125976613460807,0
0,0.5269469358117931,1
0,0.29717053060085163,0
0,0.48170762370500597,0
0,0.29956295411102474,0
0,0.3006500704395876,0
0,0.4766334666583134,0
0,0.08249550852633547,0
0,0.4727750486272271,0
0,0.23086688873263483,0
0,0.2982788718636584,0
0,0.2476555700013705,0
0,0.4020775743192644,0
0,0.22949230883932614,0
0,0.5090896677720593,1
0,0.2336899301462836,0
0,0.43866760803757643,0
0,0.46097045938586234,0
0,0.28527476041563204,0
0,0.09447189554521174,0
0,0.429192346331547,0
0,0.1460061606958334,0
0,0.44016731835654355,0
0,0.5236187261489249,1
0,0.4937269067777379,1
0,0.4792480722499022,0
0,0.35844685452320846,0
0,0.2776430120011355,0
0,0.3540911430682172,0
